<?xml version="1.0" encoding="utf-8"?>
<annonces>
  <annonce>
    <identifiant>232136681248</identifiant>
    <url>http://fastandretro.com/product/67</url>
    <marque>Cadillac</marque>
    <modele>DeVille3</modele>
    <finition></finition>
    <prix>23000</prix>
    <etat></etat>
    <couleur_ext></couleur_ext>
    <couleur_int></couleur_int>
    <mise_ciruclation>2016-11-12 19:07:43</mise_ciruclation>
    <garantie_mois></garantie_mois>
    <garantie_constructeur></garantie_constructeur>
    <km>44,745</km>
    <portes></portes>
    <energie></energie>
    <transmission></transmission>
    <puissance_cv></puissance_cv>
    <puissance_ch> </puissance_ch>
    <photos>
      <photo>http://i.ebayimg.com/images/g/degAAOSwxKtYA2L9/s-l1600.jpg</photo>
      <photo>http://i.ebayimg.com/images/g/bn4AAOSwLF1YA2ME/s-l1600.jpg</photo>
      <photo>http://i.ebayimg.com/images/g/ImgAAOSwmLlYA2MK/s-l1600.jpg</photo>
      <photo>http://i.ebayimg.com/images/g/cXQAAOSwpLNYA2Oh/s-l1600.jpg</photo>
      <photo>http://i.ebayimg.com/images/g/BqMAAOSw5cNYIJ2p/s-l1600.jpg</photo>
      <photo>http://i.ebayimg.com/images/g/degAAOSwxKtYA2L9/s-l1600.jpg</photo>
      <photo>http://i.ebayimg.com/images/g/bn4AAOSwLF1YA2ME/s-l1600.jpg</photo>
      <photo>http://i.ebayimg.com/images/g/ImgAAOSwmLlYA2MK/s-l1600.jpg</photo>
      <photo>http://i.ebayimg.com/images/g/cXQAAOSwpLNYA2Oh/s-l1600.jpg</photo>
      <photo>http://i.ebayimg.com/images/g/BqMAAOSw5cNYIJ2p/s-l1600.jpg</photo>
    </photos>
  </annonce>
  <annonce>
    <identifiant>302129164892</identifiant>
    <url>http://fastandretro.com/product/66</url>
    <marque>Cadillac</marque>
    <modele>DeVille3</modele>
    <finition>8.2L</finition>
    <prix>23000</prix>
	  <etat></etat>
	   <descriptif></descriptif>
    <couleur_ext></couleur_ext>
    <couleur_int></couleur_int>
	    <mise_ciruclation>2016-11-12 19:08:08</mise_ciruclation>
 <garantie_mois></garantie_mois>
    <garantie_constructeur></garantie_constructeur>
    <km>156,486</km>
	  <portes></portes>
    <energie></energie>
    <transmission></transmission>
    <puissance_cv></puissance_cv>
    <puissance_ch> </puissance_ch>
    <photos>
      <photo>http://i.ebayimg.com/images/g/I8kAAOSw44BYHM8G/s-l1600.jpg</photo>
      <photo>http://i.ebayimg.com/images/g/oNAAAOSwcUBYHNBp/s-l1600.jpg</photo>
      <photo>http://i.ebayimg.com/images/g/WuAAAOSw44BYHNCS/s-l1600.jpg</photo>
      <photo>http://i.ebayimg.com/images/g/wT8AAOSwcLxYHNDB/s-l1600.jpg</photo>
      <photo>http://i.ebayimg.com/images/g/LPoAAOSwMVdYHNDs/s-l1600.jpg</photo>
      <photo>http://i.ebayimg.com/images/g/OIcAAOSwA3dYHNEi/s-l1600.jpg</photo>
      <photo>http://i.ebayimg.com/images/g/NlUAAOSwx2dYHNFS/s-l1600.jpg</photo>
      <photo>http://i.ebayimg.com/images/g/zYoAAOSwcUBYHNFw/s-l1600.jpg</photo>
      <photo>http://i.ebayimg.com/images/g/FPcAAOSwal5YHNGU/s-l1600.jpg</photo>
      <photo>http://i.ebayimg.com/images/g/TgAAAOSwMVdYHNGs/s-l1600.jpg</photo>
      <photo>http://i.ebayimg.com/images/g/hZ8AAOSw44BYHNG8/s-l1600.jpg</photo>
      <photo>http://i.ebayimg.com/images/g/FVEAAOSw5cNYHNHj/s-l1600.jpg</photo>
      <photo>http://i.ebayimg.com/images/g/WwQAAOSwnbZYHNIN/s-l1600.jpg</photo>
      <photo>http://i.ebayimg.com/images/g/YDgAAOSwA3dYHNI3/s-l1600.jpg</photo>
      <photo>http://i.ebayimg.com/images/g/oEUAAOSwXeJYHNJM/s-l1600.jpg</photo>
      <photo>http://i.ebayimg.com/images/g/ZgYAAOSwImRYHNJp/s-l1600.jpg</photo>
      <photo>http://i.ebayimg.com/images/g/aqsAAOSwnbZYHNKN/s-l1600.jpg</photo>
      <photo>http://i.ebayimg.com/images/g/91cAAOSw4GVYHNKj/s-l1600.jpg</photo>
      <photo>http://i.ebayimg.com/images/g/QRsAAOSwal5YHNLO/s-l1600.jpg</photo>
      <photo>http://i.ebayimg.com/images/g/Q9kAAOSw5cNYHNMD/s-l1600.jpg</photo>
      <photo>http://i.ebayimg.com/images/g/vLUAAOSwHMJYHNMe/s-l1600.jpg</photo>
      <photo>http://i.ebayimg.com/images/g/DM8AAOSw4GVYHNM7/s-l1600.jpg</photo>
      <photo>http://i.ebayimg.com/images/g/gGYAAOSwKOJYHNNb/s-l1600.jpg</photo>
      <photo>http://i.ebayimg.com/images/g/nD0AAOSwMVdYHNN8/s-l1600.jpg</photo>
      <photo>http://i.ebayimg.com/images/g/I8kAAOSw44BYHM8G/s-l1600.jpg</photo>
      <photo>http://i.ebayimg.com/images/g/oNAAAOSwcUBYHNBp/s-l1600.jpg</photo>
      <photo>http://i.ebayimg.com/images/g/WuAAAOSw44BYHNCS/s-l1600.jpg</photo>
      <photo>http://i.ebayimg.com/images/g/wT8AAOSwcLxYHNDB/s-l1600.jpg</photo>
      <photo>http://i.ebayimg.com/images/g/LPoAAOSwMVdYHNDs/s-l1600.jpg</photo>
      <photo>http://i.ebayimg.com/images/g/OIcAAOSwA3dYHNEi/s-l1600.jpg</photo>
      <photo>http://i.ebayimg.com/images/g/NlUAAOSwx2dYHNFS/s-l1600.jpg</photo>
      <photo>http://i.ebayimg.com/images/g/zYoAAOSwcUBYHNFw/s-l1600.jpg</photo>
      <photo>http://i.ebayimg.com/images/g/FPcAAOSwal5YHNGU/s-l1600.jpg</photo>
      <photo>http://i.ebayimg.com/images/g/TgAAAOSwMVdYHNGs/s-l1600.jpg</photo>
      <photo>http://i.ebayimg.com/images/g/hZ8AAOSw44BYHNG8/s-l1600.jpg</photo>
      <photo>http://i.ebayimg.com/images/g/FVEAAOSw5cNYHNHj/s-l1600.jpg</photo>
      <photo>http://i.ebayimg.com/images/g/WwQAAOSwnbZYHNIN/s-l1600.jpg</photo>
      <photo>http://i.ebayimg.com/images/g/YDgAAOSwA3dYHNI3/s-l1600.jpg</photo>
      <photo>http://i.ebayimg.com/images/g/oEUAAOSwXeJYHNJM/s-l1600.jpg</photo>
      <photo>http://i.ebayimg.com/images/g/ZgYAAOSwImRYHNJp/s-l1600.jpg</photo>
      <photo>http://i.ebayimg.com/images/g/aqsAAOSwnbZYHNKN/s-l1600.jpg</photo>
      <photo>http://i.ebayimg.com/images/g/91cAAOSw4GVYHNKj/s-l1600.jpg</photo>
      <photo>http://i.ebayimg.com/images/g/QRsAAOSwal5YHNLO/s-l1600.jpg</photo>
      <photo>http://i.ebayimg.com/images/g/Q9kAAOSw5cNYHNMD/s-l1600.jpg</photo>
      <photo>http://i.ebayimg.com/images/g/vLUAAOSwHMJYHNMe/s-l1600.jpg</photo>
      <photo>http://i.ebayimg.com/images/g/DM8AAOSw4GVYHNM7/s-l1600.jpg</photo>
      <photo>http://i.ebayimg.com/images/g/gGYAAOSwKOJYHNNb/s-l1600.jpg</photo>
      <photo>http://i.ebayimg.com/images/g/nD0AAOSwMVdYHNN8/s-l1600.jpg</photo>
    </photos>
  </annonce>
  <annonce>
    <identifiant>272440557999</identifiant>
    <url>http://fastandretro.com/product/63</url>
    <marque>Cadillac</marque>
    <modele>3</modele>
    <finition></finition>
    <prix>18000</prix>
	    <etat></etat>
  <descriptif></descriptif>
    <couleur_ext></couleur_ext>
    <couleur_int></couleur_int>
	    <mise_ciruclation>2016-11-12 19:08:44</mise_ciruclation>
<garantie_mois></garantie_mois>
    <garantie_constructeur></garantie_constructeur>
    <km>0</km>
	 <portes></portes>
    <energie></energie>
    <transmission></transmission>
    <puissance_cv></puissance_cv>
    <puissance_ch> </puissance_ch>
    <photos>
      <photo>http://fastandretro.com/uploads/6877.jpeg</photo>
      <photo>http://i.ebayimg.com/images/g/YyoAAOSwo4pYH5Gf/s-l1600.jpg</photo>
      <photo>http://i.ebayimg.com/images/g/enwAAOSwal5YH5Gm/s-l1600.jpg</photo>
      <photo>http://i.ebayimg.com/images/g/WgEAAOSwB09YH5Gs/s-l1600.jpg</photo>
      <photo>http://i.ebayimg.com/images/g/0swAAOSw5cNYH5Gw/s-l1600.jpg</photo>
      <photo>http://i.ebayimg.com/images/g/o8QAAOSwXeJYH5G2/s-l1600.jpg</photo>
      <photo>http://i.ebayimg.com/images/g/HtwAAOSwnbZYH5G8/s-l1600.jpg</photo>
      <photo>http://i.ebayimg.com/images/g/46kAAOSwImRYH5G5/s-l1600.jpg</photo>
      <photo>http://i.ebayimg.com/images/g/YyoAAOSwo4pYH5Gf/s-l1600.jpg</photo>
      <photo>http://i.ebayimg.com/images/g/enwAAOSwal5YH5Gm/s-l1600.jpg</photo>
      <photo>http://i.ebayimg.com/images/g/WgEAAOSwB09YH5Gs/s-l1600.jpg</photo>
      <photo>http://i.ebayimg.com/images/g/0swAAOSw5cNYH5Gw/s-l1600.jpg</photo>
      <photo>http://i.ebayimg.com/images/g/o8QAAOSwXeJYH5G2/s-l1600.jpg</photo>
      <photo>http://i.ebayimg.com/images/g/HtwAAOSwnbZYH5G8/s-l1600.jpg</photo>
    </photos>
  </annonce>
</annonces>
